<?xml version="1.0" encoding="UTF-8"?>
<!--
  ~ jEdit - Programmer's Text Editor
  ~ :tabSize=8:indentSize=8:noTabs=false:
  ~ :folding=explicit:collapseFolds=1:
  ~
  ~ Copyright © 2011 jEdit contributors
  ~
  ~ This program is free software; you can redistribute it and/or
  ~ modify it under the terms of the GNU General Public License
  ~ as published by the Free Software Foundation; either version 2
  ~ of the License, or any later version.
  ~ This program is distributed in the hope that it will be useful,
  ~ but WITHOUT ANY WARRANTY; without even the implied warranty of
  ~ MERCHANTABILITY or FITNESS FOR A PARTICULAR PURPOSE.  See the
  ~ GNU General Public License for more details.
  ~
  ~ You should have received a copy of the GNU General Public License
  ~ along with this program; if not, write to the Free Software
  ~ Foundation, Inc., 59 Temple Place - Suite 330, Boston, MA  02111-1307, USA.
  -->

<ivysettings>
	<settings defaultResolver="default"/>
	<include url="${ivy.default.settings.dir}/ivysettings-public.xml"/>
	<include url="${ivy.default.settings.dir}/ivysettings-shared.xml"/>
	<include url="${ivy.default.settings.dir}/ivysettings-local.xml"/>
	<include url="${ivy.default.settings.dir}/ivysettings-main-chain.xml"/>
	<include url="${ivy.default.settings.dir}/ivysettings-default-chain.xml"/>

	<resolvers>
		<!-- Don't validate because of https://issues.apache.org/jira/browse/IVY-1322,
		     remove validate after that bug was fixed in Ivy (Bug #3437212) -->
		<url name="launch4j" validate="false">
			<artifact pattern="http://downloads.sourceforge.net/project/launch4j/launch4j-3/[revision]/[artifact]-[revision]-[classifier].[ext]" />
		</url>
		<url name="jedit-plugins">
			<artifact pattern="jar:http://downloads.sourceforge.net/project/jedit-plugins/[artifact]/[revision]/[artifact]-[revision]-bin.zip!/[artifact].jar" />
		</url>
	</resolvers>
	<modules>
		<module organisation="net.sf.launch4j" resolver="launch4j" />
		<module organisation="org.jedit.plugins" resolver="jedit-plugins" />
	</modules>
</ivysettings>
